url,name,address,rec_name,rec_phone,rec_email
https://www.practicematch.com/employer/shr-talent,SHR Talent,"33 Musical Square Suite 100A  | Nashville, TN 37203",Travis Guerra,615-906-7625,mailto:travis@shrtalent.com
https://www.practicematch.com/employer/medical-staffing-options,Medical Staffing Options,"PO Box 528  | Larkspur, CO 80118",Cathy Sweeney,(303) 708-9954,mailto:cathysweeneymso@gmail.com
https://www.practicematch.com/employer/national-health-resources,National Health Resources,"5497 Wiles Rd Ste. 202 | Coconut Creek, FL 33073",Ray Thomas,800-647-2232,mailto:Ray@nhrnationwide.com
https://www.practicematch.com/employer/national-health-resources,National Health Resources,"5497 Wiles Rd Ste. 202 | Coconut Creek, FL 33073",Roger Oullette,800-328-2232,mailto:Roger@NHRnationwide.com
https://www.practicematch.com/employer/national-health-resources,National Health Resources,"5497 Wiles Rd Ste. 202 | Coconut Creek, FL 33073",Tami Van Buren,800-647-2232,mailto:Tami@nhrnationwide.com
https://www.practicematch.com/employer/steele-healthcare-solutions,Steele Healthcare Solutions,"10100 West 123rd St.  | Overland Park, KS 66213",Ann Newell,,mailto:anewell@steelehealth.com
https://www.practicematch.com/employer/steele-healthcare-solutions,Steele Healthcare Solutions,"10100 West 123rd St.  | Overland Park, KS 66213","Bob Bregant, Jr.",913-669-8505,mailto:bbregant@steelehealth.com
https://www.practicematch.com/employer/wisconsin-office-of-rural-health,Wisconsin Office of Rural Health,"310 North Midvale Blvd. Suite 301 | Madison, WI 53705",Tim Dybevik,608 261-1889,mailto:dybevik2@wisc.edu
https://www.practicematch.com/employer/unisource-medical,Unisource Medical,"2500 CityWest Blvd #300  | Houston, TX 77042",Lewis Belleau,713-243-8729,mailto:LBelleau@unisourcemedical.com
https://www.practicematch.com/employer/spot-on-recruiting,Spot On Recruiting,"1749 Turkey Oak Drive  | Navarre, FL 32566",Bryce Kindred,866-955-7768,mailto:bryce@spotonrecruiting.com
https://www.practicematch.com/employer/adkisson-search-consultants,Adkisson Search Consultants,"3901 General Electric Rd. Suite 4  | Bloomington, IL 61704",Loretta Swank,866-311-0000,mailto:loretta@adkissonsearch.com
https://www.practicematch.com/employer/adkisson-search-consultants,Adkisson Search Consultants,"3901 General Electric Rd. Suite 4  | Bloomington, IL 61704",Michelle Houchin,866-311-0000,mailto:michelle@adkissonsearch.com
https://www.practicematch.com/employer/adkisson-search-consultants,Adkisson Search Consultants,"3901 General Electric Rd. Suite 4  | Bloomington, IL 61704",Michelle Stovall,866-311-0000,mailto:michelles@adkissonsearch.com
https://www.practicematch.com/employer/adkisson-search-consultants,Adkisson Search Consultants,"3901 General Electric Rd. Suite 4  | Bloomington, IL 61704",Shannon L McKay,866-311-0000,mailto:shannon@adkissonsearch.com
https://www.practicematch.com/employer/williamlaine-inc,"WilliamLaine, Inc.","3535 Peachtree Road  | Atlanta, GA 30326",Bill Selvey,404-495-9411,mailto:bselvey@williamlaine.com
https://www.practicematch.com/employer/bas-healthcare,BAS Healthcare,"4437 Brookfield Corporate Drive Suite 201  | Chantilly, VA 20151",Brad Fuller,(703) 574-1136,mailto:bfuller@bashealthcare.com
https://www.practicematch.com/employer/bas-healthcare,BAS Healthcare,"4437 Brookfield Corporate Drive Suite 201  | Chantilly, VA 20151",Cameron Fuller,(703) 574-1759,mailto:cfuller@bashealthcare.com
https://www.practicematch.com/employer/bas-healthcare,BAS Healthcare,"4437 Brookfield Corporate Drive Suite 201  | Chantilly, VA 20151",Eric Grantland,(703) 574-1197,mailto:egrantland@bashealthcare.com
https://www.practicematch.com/employer/bas-healthcare,BAS Healthcare,"4437 Brookfield Corporate Drive Suite 201  | Chantilly, VA 20151",Josh Hilado,(703) 574-1646,mailto:jhilado@bashealthcare.com
https://www.practicematch.com/employer/bas-healthcare,BAS Healthcare,"4437 Brookfield Corporate Drive Suite 201  | Chantilly, VA 20151",Liz Hawn,(703) 574-1672,mailto:ehawn@bashealthcare.com
https://www.practicematch.com/employer/bas-healthcare,BAS Healthcare,"4437 Brookfield Corporate Drive Suite 201  | Chantilly, VA 20151",Loree Frazitta,(703) 574-1678,mailto:lfrazitta@bashealthcare.com
https://www.practicematch.com/employer/bas-healthcare,BAS Healthcare,"4437 Brookfield Corporate Drive Suite 201  | Chantilly, VA 20151",Peter Walters,(703) 574-1695,mailto:pwalters@bashealthcare.com
https://www.practicematch.com/employer/healthcare-recruitment-link,HealthCare Recruitment Link,"1276 Golden Gate Lane  | Saint Peters, MO 63376",Heidi Johnson,360-930-8668,mailto:hjohnson@healthrecruitlink.com
https://www.practicematch.com/employer/bas-healthcare,BAS Healthcare,"4437 Brookfield Corporate Drive Suite 201  | Chantilly, VA 20151",Stewart Lane,(703) 574-1715,mailto:slane@bashealthcare.com
https://www.practicematch.com/employer/bas-healthcare,BAS Healthcare,"4437 Brookfield Corporate Drive Suite 201  | Chantilly, VA 20151",Treg Fuller,(703) 574-1752,mailto:tfuller@bashealthcare.com
https://www.practicematch.com/employer/healthcare-recruitment-link,HealthCare Recruitment Link,"1276 Golden Gate Lane  | Saint Peters, MO 63376",Sheila Bixler,314-412-8372,mailto:sbixler@healthrecruitlink.com
https://www.practicematch.com/employer/bas-healthcare,BAS Healthcare,"4437 Brookfield Corporate Drive Suite 201  | Chantilly, VA 20151",Tuan Dang,(703) 574-1748,mailto:tdang@bashealthcare.com
https://www.practicematch.com/employer/wisestaff,WISESTAFF,"10101 Southwest FWY. Suite 400  | Houston, TX 77074",Elizabeth Jankovich,561-291-1087,mailto:ejankovich@wisestaff.com
https://www.practicematch.com/employer/ideal-personnel,Ideal Personnel,"14 NE 1st Avenue Suite 403  | Miami, FL 33132",Julien Frantz,305-379-8889,mailto:julien@ideal-personnel.com
https://www.practicematch.com/employer/athenic-group,Athenic Group,"220 North Jeff Davis Drive Ste. 4  | Fayetteville, GA 30214",Craig Fowler,404-580-3443,mailto:cfowler@athenicgroup.com
https://www.practicematch.com/employer/med-staff-matters,"Med Staff Matters, LLC","Med Staff Matters, LLC  | Virginia Beach, VA 23455",Rick Clark,(757) 460-1299,mailto:rick@medstaffmatters.com
https://www.practicematch.com/employer/myderm-recruiter,MyDerm Recruiter,"3021 Highway A, Suite 102  | Washington, MO 63090",Stephen Gubbels,636-239-1787,mailto:stephen@myDermRecruiter.com
https://www.practicematch.com/employer/myderm-recruiter,MyDerm Recruiter,"3021 Highway A, Suite 102  | Washington, MO 63090",David Dickens,530-329-3179,mailto:Terry@myDermRecruiter.com
https://www.practicematch.com/employer/myderm-recruiter,MyDerm Recruiter,"3021 Highway A, Suite 102  | Washington, MO 63090",Terry Ferguson,636-239-1787,mailto:Terry@myDermRecruiter.com
https://www.practicematch.com/employer/myderm-recruiter,MyDerm Recruiter,"3021 Highway A, Suite 102  | Washington, MO 63090",Michelle Sullentrup,(636) 239-1787,mailto:michelle@myDermRecruiter.com
https://www.practicematch.com/employer/myderm-recruiter,MyDerm Recruiter,"3021 Highway A, Suite 102  | Washington, MO 63090",Kathleen Tait,636-239-1787,mailto:Kathleen@myDermRecruiter.com
https://www.practicematch.com/employer/myderm-recruiter,MyDerm Recruiter,"3021 Highway A, Suite 102  | Washington, MO 63090",Pam Pavely,636.239.1787,mailto:Pam@myDermRecruiter.com
https://www.practicematch.com/employer/myderm-recruiter,MyDerm Recruiter,"3021 Highway A, Suite 102  | Washington, MO 63090",Zach Wissman,636.239.1787,mailto:zach@mydermrecruiter.com
https://www.practicematch.com/employer/bel-associates,B.E.L. & Associates,"11750 Shady Ave  | Conneaut Lake, PA 16316",Janeil Todhunter,,mailto:janeiltodhunter@hotmail.com
https://www.practicematch.com/employer/bel-associates,B.E.L. & Associates,"11750 Shady Ave  | Conneaut Lake, PA 16316",Brenda Lewis,814-382-6007,mailto:blewis@drsavetime.com
https://www.practicematch.com/employer/california-physician-opportunities,California Physician Opportunities,"316 East Cheyenne Road  | San Tan, AZ 85143",David Steward,909-941-4807,mailto:david@californiaphysicianopps.com
https://www.practicematch.com/employer/linkpas,linkPAs,"P.O. Box 965  | Ponte Vedra Beach, FL 32004",Jason Hagwood,,mailto:jhagwood@linkpas.com
https://www.practicematch.com/employer/linkpas,linkPAs,"P.O. Box 965  | Ponte Vedra Beach, FL 32004",John Hildreth,864-874-1034,mailto:jhildreth@linkpas.com
https://www.practicematch.com/employer/linkpas,linkPAs,"P.O. Box 965  | Ponte Vedra Beach, FL 32004",Lynda Gregg,904-452-4499,mailto:Lynda@linkPAs.com
